country,1970,1971,1972,1973,1974,1975,1976,1977,1978,1979,1980,1981,1982,1983,1984,1985,1986,1987,1988,1989,1990,1991,1992,1993,1994,1995,1996,1997,1998,1999,2000,2001,2002,2003,2004,2005,2006,2007,2008,2009,2010,2011,2012,2013,2014,2015,2016,2017,2018,2019,2020,2021,2022
Aruba,,,,,,,,,,,,,,,,,,,,,,,,,,,,,,97.5,95.1,94.1,96.5,94.5,98.2,96.7,102,101,98.6,98.3,95.7,,,101,105,,,,,,,,
Afghanistan,,,,,18,,,19,20.7,,27.7,35.9,,,21.8,21,,,,,,,,34.2,,,,,,,,,,,,,,,,,,,,,,,82.9,87.3,88.7,86.2,,,
Angola,,,,,,,,,,,,46.2,41.3,,,,,,,,,31,,,,,,,,,,,,,,,,,41.2,41,42.3,49.1,,,,,,,,,,,
Albania,,,,,,,,,,,,,,,,,,,,,,,,,,,90.5,,,,99.2,101,,100,98.9,,,107,105,106,103,108,115,99.7,112,107,107,110,106,102,99.5,98.2,97.7
Andorra,,,,,,,,,,,,,,,,,,,,,,,,,,,,,,,,,98,102,101,,,,,,,,,,66.3,66.1,68.5,65.8,66.7,64.2,62.7,62.1,
UAE,,,,,36.4,41.9,52.4,58.6,61.3,64.7,66,69.3,81.1,82.8,81.4,78.1,78.7,74.7,70.7,76.4,84.1,90.9,91.1,89.5,90.1,90.1,86.3,82.8,82.7,88.8,95,98.9,98.8,,,,,,,,,,91.5,99.7,112,125,,,,119,105,,
Argentina,70,72.1,,,76.3,78.5,77.9,,,,,,,,,,,,,,,,,,97.8,,92.6,92.4,101,99.5,99.7,99.2,102,99.5,97.8,94.8,95.8,98.6,102,103,103,103,104,103,105,106,107,102,100,100,104,105,
Armenia,,,,,,,,,,,,,,,,,,,,,,,,,107,,,90.6,,,,,83.7,86.8,100,93.5,92,96.7,98.7,,91.5,93.5,93.6,,94.6,94.2,105,103,100,97.2,102,101,92.1
Antigua and Barbuda,,,,,,73.8,75.6,,,,,,,,,,,,,,,,88.5,,,,,,,,,,,,,,,,109,104,119,119,,114,119,100,103,108,104,105,,,
Austria,,93.8,96.2,96.2,,,,,,,,,,,,,,,,,,,,,,,,,99.6,99.2,,,99.5,,101,,,,,,,101,96.5,98.9,97.3,99.4,97.2,98.6,97.8,99.5,97.6,99.8,
Azerbaijan,,,,,,,,,,,,,,,,,,,,,,,,,,,,,,,89.5,95.2,97.6,92.7,95.6,93.4,91.6,98.1,90.7,91.8,89.5,92.8,92,88.1,98.1,103,111,107,100,100,98.5,96.6,99.7
Burundi,,5.75,,11,11.1,11.7,10.9,11,10.7,10.7,10.8,10.9,12.7,17.1,23.1,23.9,25.9,25.6,35.5,30.8,38.6,42.9,45.5,49.2,,,,,,,25.1,25.9,26.4,30.9,33.4,35.8,,49.2,42.9,49.5,54.8,59.6,64.6,71.3,69.1,62.1,64,63.3,57.2,53.3,49.2,49,47.1
Belgium,,,,,69.4,69.9,69.6,72.5,75.5,69.6,70,74.9,75.9,70,74.6,74.8,75.2,75.5,75.3,,,76.9,,,,,,,,,,,,,,,,,,,,,,,,,,,,,,,
Benin,,17.2,19.9,20.1,19.1,23.5,23.3,22.8,25.1,26.5,28.4,29.4,31.7,34.3,28.1,32.1,29.4,28.4,26.2,26.1,18.3,20.7,20.6,22.6,24.4,29,31,33.3,36,,36.3,40.3,42.3,46.5,50.5,,,,61.9,,65.3,70.1,71.6,76.9,77.3,78,77.4,,,61.8,60.3,70.8,64.6
Burkina Faso,,7.47,6.96,7.14,6.87,7.71,7.64,8.58,8.73,9.57,9.41,10.4,10.6,11.3,12.3,13.9,,15.7,16.7,16.3,19.1,19.5,25.8,25.2,26.1,18,21.8,,,22,23.9,25.3,26.1,27.8,29.1,30.7,32,34.1,37.8,42.7,46.3,52.8,56.3,61.3,60,60.7,60.3,61.6,62.8,61.8,62,63.8,58.4
Bangladesh,,,,,,,42.7,31.1,,,,27.3,,,,,,,,45.1,,,,,,,,,,,,,,,,65.9,,,57.4,63.3,65.1,,,,,,,,,,,120,108
Bulgaria,,94,93.9,94.4,97.8,87.9,90.4,88.8,89.2,89.9,91.4,92.8,93.5,95.7,98.1,104,98,102,104,106,103,94.1,92.2,88.2,88.5,87.1,90.9,93.3,94.9,96.1,95.8,101,102,103,104,105,108,104,104,101,99.8,100,99.5,98.4,99,97.1,96.3,95.5,94.3,91.8,91.2,89.5,
Bahrain,,,,,,,,,,,,,89.7,81.6,80.6,83.1,81.8,83.6,90,96.2,,97.6,91.6,86.1,78,78.6,78.2,,80.5,85.4,84.4,84.6,89.1,89.3,92.1,93.8,,,,,,93.5,98.2,104,104,99.4,100,99.9,98.9,99.7,,,92.9
Bahamas,,,,,,,,,,,,,,,,,,,,,,,,,89.9,,,,,75.5,,,,,,92.6,87.6,91.7,88,87.1,79.5,86.6,86.4,,,,,,,,,,
Bosnia and Herzegovina,,,,,,,,,,,,,,,,,,,,,,,,,,,,,,,,,,,,,,,,,72,77.9,77.3,76.3,84.5,91.7,90.8,90.5,88.5,91.4,90.2,88.8,87
Belarus,,101,97.9,99.3,95.4,96.9,100,99.7,101,98.8,97.7,94.8,95.1,95,96.4,97.8,96.7,,,,88.6,92.1,86.5,91.3,93.8,93.1,88.8,93.3,,98.7,104,109,132,105,105,104,102,99.6,94.3,97,96.1,99,97.6,94.9,94.3,94.1,94.4,95.6,96.8,99.1,95.6,93.5,93.2
Belize,,,,,,,,,,,,,,,,,,,,,,,93.7,,,92.4,98.5,,,97,98.6,101,,98.7,100,103,102,104,97.9,101,99.8,103,108,103,104,106,106,103,104,103,105,113,106
Bermuda,,,,,,81.2,,,,,,,,,,,,,,,,,,,,,,,,,,105,109,108,104,105,105,,,,117,109,104,109,102,105,,,,,,,
Bolivia,,,,,,,,,,,,,,,,,,,,,,,,,,,,,,,,,,,,,,,,,95.3,94.6,95.8,93.7,90.1,87.8,88.3,89.2,90.4,86.9,87.9,,
Brazil,76.4,80.8,63.4,65.7,67.8,67.7,65.3,65.4,67.3,69.4,71.7,72.2,73.6,,76.2,76.2,,81.3,,,,,93.1,92.3,89.7,,,,,,,,,,,,,,,,,,,,,,,,,,,,
Barbados,,,,,,,,,,,,,,,,,,,,,,,,,,,,,,99.2,97.9,103,101,107,103,99.6,102,98.5,98.1,97.1,94.8,96.2,,,,,,,86.7,82.2,94.1,100,91.7
Brunei,,,101,99.1,104,92.1,105,102,102,102,93.8,99,88.3,90.6,64.1,,135,,,,,102,101,91.9,87.5,81.6,,88.5,95.4,99.2,100,108,107,112,106,104,105,105,105,104,108,110,104,104,97.8,99.8,104,103,102,94.3,100,,
Bhutan,,,,,,,5.81,6.2,9.05,9.96,,,,,,,,,20,,,,,24.8,29.2,,,,49.8,54.3,54.9,54.3,,,60.5,65.4,70.8,73.3,79.4,82.1,89.8,92.8,102,98.1,96.4,94.8,96.6,95,84.6,75.7,82.7,90.6,78.6
Botswana,44.5,50.2,57.1,60.2,62.9,59,51.7,47,53.8,66.7,71.7,81.7,85.3,77.7,80.8,86.9,96.7,97.9,93.4,89.5,90.7,90.9,91.2,90,94,90.8,92.7,,91.3,88.1,87.9,90.7,92.4,92.7,92.7,91.6,94.2,90.7,93.4,96.6,,,96.5,95.2,,,,,,,,,
Central African Republic,,23.2,21.7,27,23.9,30.3,25.8,27.5,34.2,,,26.9,27.2,24.9,,,38.2,29.3,30.5,29.9,31.2,28.3,22.4,,,,,,,,,,,,21.4,23.4,23.4,,31.3,33.8,35.7,37,38.5,,,,37,48.7,,,,,
Canada,,,,,,,,,,,,,,,,,,,,,,,,,,,,,94.8,97.4,98.3,,,,,,,,,,,,,,,,,,,,,,
Switzerland,,,,,,,,51.4,59.3,57.7,57.6,53.6,53.8,53.8,52.5,52.5,52,51.5,51.3,51.8,51.2,52.7,53.9,58.6,60.7,,73.3,,,95.3,96.9,95,96.2,95.3,96.5,95.4,96.7,96.3,97.2,96.1,97,96.7,96.8,94.1,96.5,96.6,94.9,95.4,94.4,93.6,94.3,95.5,
Chile,79.9,87.6,92.2,93.4,91.6,91.6,92.9,90.2,,,,,,96.7,,,,,,,,,,,,,,,,,,,,,,,,,,,,95.1,97.4,97,98.2,97.8,98.4,98.2,98.2,97.4,98,99.2,
China,,,,,,,,,,,,,,,,,,,,111,106,100,93.7,92.3,88,96.9,92.4,93.2,,,,,,,,,92.4,96.4,105,106,105,,,,,,,,,,,,
Cote d'Ivoire,,,,35.7,36,39.6,42.8,46.3,47.9,50.8,54.4,59.1,,57.8,56,47.4,47.8,47.4,45.8,41.5,39.5,42.8,39,40.5,40.9,39.9,41.8,40.2,41.4,44.7,42.9,47.1,,,,,42.7,43.7,,44.6,,51.8,52.8,51.8,53.1,58.1,61.4,67.7,70,73.5,75.6,73.7,68.6
Cameroon,,,,47.3,46.8,48.8,50.3,51.1,61.5,52.1,50.6,50.8,49.7,50,52,53.7,54.2,55.9,55.5,,56.7,55.3,,,,,,,,49.1,50.4,,,57.1,59.1,,51.5,54.8,71.2,71.1,72.6,71,75.1,,73.7,74.5,73.4,68.2,64.4,65.4,66.5,68.7,69.4
"Congo, Dem. Rep.",,42,44,,,,53.5,55.9,59.2,,58.6,60.4,62.4,64.4,66.7,,,,48.9,,,51,47.3,55.1,47,,,,,33.3,,,40.5,,,,,49.6,54.5,58.5,60.3,62.3,67.5,66.8,65,67.5,,,,,78.7,82.6,
"Congo, Rep.",,51.8,55.3,64.4,53.6,62.4,64.5,66.7,67,73.9,75.1,73.6,74.5,69.7,73.4,72,72.4,72,72.9,67.5,59.8,55.9,63,64,54.8,,47.6,,,30,,53.8,56.5,53.3,76.7,67.2,73.3,72.2,67.5,67.1,67.9,74.7,72.3,,,70.3,,,65.2,,,,
Colombia,49.2,52.7,53.5,56.9,57.7,,,,,,,,73,75.7,76.5,71.7,75.3,75,74.3,73.5,76.9,75.7,84.3,85,84.8,88.5,89.6,,95.1,96.5,100,97,97.2,,104,107,113,115,115,120,120,119,114,104,103,102,103,106,106,104,99.6,99.2,
Comoros,,,,,,,,,,,,56.3,,,,,60.9,49,,,,,41.5,36.7,44.5,,,,,46.7,,,54.8,53.2,57,,,59.2,68,,,,,73.9,79.5,,,81.4,,,,,
Cape Verde,,,,,10.5,13.3,20.4,14.6,13.8,13.4,16.5,26.6,23.8,20.9,28.8,29.6,32.1,35.9,40.9,,51.4,,,,63.1,,,,94.5,,101,96.6,97.7,98.1,95.3,80.7,92.3,87.9,95.4,92,95.2,89.6,92,89.7,93.9,94.9,89.9,83.5,81.8,93.8,,,
Costa Rica,75.7,75.9,85.6,90,89.1,86.7,81.8,89,86.1,83.7,85.7,87.1,86.8,79.5,72.4,76.1,77.7,75.6,76,75.5,74.7,78.6,81.1,83,81.5,80.1,81.5,,,84.1,88.7,89.8,94.2,,93.7,93.5,89.4,91.3,94.3,98.6,98.5,98.2,96.5,94.9,98.5,95.1,94.6,94.2,95.6,96.5,96.8,99.1,
Cuba,,58,56,65.3,77.1,82.3,96.7,112,119,113,104,95.8,86.5,94.6,101,101,99,101,99.1,98.9,95.3,98.2,94.9,96.4,95.9,93.7,95.4,,,97.4,98.3,96.3,99.2,96.4,95.4,97.1,97.3,97.9,91.9,97.3,95.4,94.8,92.5,91.1,95.1,95.6,94.9,95.2,90.8,90.5,94.6,96.6,92.4
Cayman Islands,,,,,,,,,,,,,,,,,,,,,,,,,,,,,,99.8,102,105,105,,96.6,97.9,98,99.1,100,,,105,107,108,,,,,110,,,,
Cyprus,,,,,,,,,,,,,,,,,,,,,,,,,,,,,,,97.7,98,100,101,86.9,98.8,99.3,97.9,98.1,99.7,99.3,102,100,98.3,99.8,96.8,98.5,101,102,103,100,100,
Czech Republic,,,,,,,,,,,,,,,,,,,,,,,,96.3,101,102,108,,,99.7,102,97.8,102,101,100,107,105,106,101,101,102,101,99.4,98.7,99.3,97,97.7,97.2,93.7,95.8,96.7,98.4,
Germany,,,,,,,,,,,,,,,,,,,,,,,,101,100,100,99.1,99.6,,101,99,107,104,102,103,101,99.3,102,103,104,101,104,102,102,99.5,102,99.7,97.6,98.6,99.6,98.4,101,
Djibouti,,,21.5,21.5,21.4,21.7,20.1,,,,,,,,,,26.8,30.6,29.5,33.7,30.7,24.4,25.7,24.8,26.5,28.7,26.7,25.1,,25.2,29.3,28.6,,,,32.8,37,,42.3,,,42.4,,40.3,47.2,51.7,52.7,49.4,51.7,51.4,50.1,53.4,56.1
Dominica,,,,,,,,,,,,,,,,,,,120,,,,,,,,,,,115,113,120,108,105,108,110,99.7,101,96.6,93.1,89.7,93.9,99.1,96.1,103,96.7,101,,,82.9,,85.7,
Denmark,,97.8,93.9,95.7,94.5,91.7,98.2,94.5,98.2,107,108,98.4,99.3,99.2,98.9,99.1,98.4,98.7,98.9,99.9,99.8,99.2,98.5,100,100,,,,100,100,100,99.5,103,,100,98.6,103,100,98.8,98.5,99.3,101,99.7,99,100,99.6,101,102,100,101,99.7,99.7,
Dominican Republic,,33.8,,,,,,,,,,52.4,,,,,,,,,,,,,62.3,,,,,73.3,77.9,,92.2,,88.6,,85.8,92.7,,93.8,92.7,93.1,93.5,94.2,95.3,99.5,99.2,95.3,93.1,93.3,96.3,88,89.4
Algeria,,,41.9,42.9,44.9,50.8,58.2,60.9,63,62.6,62,65.8,67.1,69.6,74,87.8,72.7,75.3,79.2,83,81.4,79.6,80.9,79.7,78.2,79.2,82,82.6,,84.2,82.4,89.4,92.3,94.3,96.2,98.1,87.2,97.6,116,97,98.1,97.8,99.6,102,101,98.1,100,102,103,99.7,102,99.8,94.7
Ecuador,,53.8,52.9,56,58.6,62.4,66.5,68.4,68,71.9,75.1,78.7,81.7,85.6,87.9,88.4,,90.6,91.8,,,,,,91,88.9,88.6,92,,93.9,94.6,95.2,95,94.5,94.4,98.7,98.4,98.5,,97.9,104,108,109,109,112,106,103,105,103,99.7,98.2,95.7,99.7
Egypt,,56.4,52.7,55.8,57.6,60.1,61.3,61.9,53.9,36.2,46.7,55.5,,,,,71.5,71.3,,,,,,,,,,86,,90.7,89.5,87.5,85.9,83.7,84.8,86.3,82.3,86.5,,89.2,90.4,,,92,,,88,87.4,90.6,92.9,96.6,97.5,
Eritrea,,,,,,,,,,,,,,,,,,,,,,,,,31.3,38.8,52.5,57.5,,54.7,58.2,58.9,56.5,62,68.5,81.4,73.9,71.2,63.7,67.5,58.2,57.9,54.7,53.6,56.9,57.4,,63.7,62.9,59.5,,,
Spain,,,,,,,,,,,,99.8,99.2,99.4,104,103,103,101,107,106,104,,,104,105,,,,,,,,,,101,,100,99.9,99.2,98.5,99.2,96.5,96.8,96.6,96.5,96.1,94.7,96.7,95.7,96.6,96,99.2,
Estonia,,,,,,,,,,,,,,,,,,,,,,,,,,78.9,86.9,,89.7,94,97.5,102,101,105,107,104,104,104,102,100,101,99.7,99.7,96.9,98.3,97,97.9,96.4,96.6,97.3,95.8,98.2,
Ethiopia,,,,,,,,,,,,,16.7,,,,,25.1,24.1,22.6,,,,,14.3,14.7,16.2,,17.4,19.4,21.3,26.4,29.9,32.8,35.1,41.4,45.3,45.9,48.5,50.7,57.5,53,50.4,53.2,52.6,52.8,60.2,61.6,,64.4,64.1,64.9,62.1
Finland,,,,,,,,,,,,,,,,,,99.6,99.4,99.5,99.8,99.4,99.9,99.1,99.5,99.4,99.2,99.9,99.8,99.4,99.6,99.2,99,98.8,99.3,99.3,99.5,99,99.5,99.3,99,99.5,98.9,99.3,99.2,99.5,99.4,99.1,99.7,99.4,99.2,99.3,
Fiji,,,88.2,95.1,91.4,,99.9,100,105,100,96.2,94.6,,93.9,93.4,97.3,99,,,,,,97.2,,97.8,97.6,96.1,97.7,99,93.9,90.5,92.1,94.8,,97.9,,98.6,,93.3,93.9,,94.8,96.1,95.4,95.8,101,98.1,101,100,102,102,112,112
France,,94.9,93.8,,,94.8,95.8,95.6,98.3,98.2,97.4,,,,,,102,101,98.6,98.9,99.7,99.2,102,,,,,,,98.6,92.9,,,,,,,,,,,,,,,,,,,,,,
"Micronesia, Fed. Sts.",,,,,,,,,,,,,,,,,,,,,,,,,,,,,,,,,,,,,,,,,,,,94.2,94.4,90.9,91.3,81.9,90.3,87.6,78.5,84.9,86.8
Gabon,,,56.3,55.2,,77.1,81.6,75.5,76.4,78.7,78.3,82.1,83.1,82.4,71.4,87.5,,64.8,63.6,61.9,,,55.4,,,61.4,62.3,64.5,,,,,69.4,67.7,,,,,,,,,,,,,,,,72.9,,,
UK,,,,,,,,,,,,,,,,,,,,,,,,,,,,,,,,,,,,,,,,,,,,,,99.5,98.1,97.1,97.2,98.8,97.7,98.9,
Georgia,,,,,,,,,,,,,,,,,,,,,,,,,,83.8,85.8,87.1,,88,99.3,104,108,102,107,98.9,97.9,105,109,111,112,,107,110,108,107,121,121,103,98.5,95.1,88.8,111
Ghana,,59.1,52.8,,48.1,49.7,52.5,54.4,56.6,57.4,59.3,63,,,,,,,,,,56.7,58.3,,,,,,,61.4,64.9,62.3,63.9,65.3,65.2,71.6,69.7,75.9,82.6,83.8,,88.2,91.2,91.2,89.2,93.7,,87.8,88,,,,
Gibraltar,,,,,,,,,,,,,,,,,,,,,,,,,,,,,,,,,,,,,,,,,,,,,,,109,121,,123,128,132,131
Guinea,,,,,,,,17.7,19.2,,20.7,17,18.3,17.9,18.4,15.1,14.4,13.9,11.3,12.3,18.4,16.5,16.2,18.7,20,20,30.9,,25.8,29.5,32.1,33.8,37.7,37.7,46.9,52.8,57.1,57.4,50.6,56.4,56.7,60.2,61,61.9,64,62.8,62.4,55.4,56.6,57,60.8,63.2,
Gambia,,17.7,19.5,19,18.7,20.1,19.5,15.7,20.4,21.1,23.6,23.8,27.3,30.3,35.1,36.7,38.5,42,,37.2,,,37,35.2,34.3,36.6,43,40.9,,60.4,60,60.8,59.2,62.1,61.2,58.8,57.5,64.2,69.6,,63,58.9,60.2,60.6,60.6,60.7,60.9,63.2,65.5,68.6,71.7,74.4,75.2
Guinea-Bissau,,,,,,,7.14,,,14.1,10.4,14.7,15.7,12.5,11.9,,,8.82,5.88,,,,,,,,,,,,27.5,,,,,,,,,,63.1,,,,,,,,,,,,
Equatorial Guinea,,,,,,,,,,,,,,,,,,,,,,,,,37.8,,,,,,36.9,,,27.2,,32.9,,,31.6,34,36.4,36.3,38.8,,,39.1,,,,,,,
Greece,,107,108,105,101,100,99.6,102,104,104,102,103,98.2,99.4,101,102,105,97.3,99.2,98.4,,,94.2,,,,,,,,,,,,107,104,106,103,,,102,96.5,95,95.1,95.6,98.2,98.9,98.8,99,97.8,99.8,98.9,
Grenada,,,,,,,98.6,95.2,85.1,87,,,,93.5,84.3,82.4,,,,,,,,,,,,,,94,,,91.7,101,,104,,102,116,127,116,,,102,,,,106,109,,,,
Guatemala,23.1,23.3,25.5,,,29.5,30.6,30.6,31.9,32.4,34.6,34.9,35.1,36.7,38.2,39.7,42.5,,,,,,,,,,46.6,,,50.7,54.4,56.3,60.1,,67.3,71.2,74.2,74.6,77.5,83,83.9,86.3,86.4,86.5,86.2,85.1,81.6,82,81.7,80.7,81.3,88.5,87
Guyana,,95.8,91.2,87.2,84.5,,78.5,86.2,83.9,87.5,82.9,88.4,90.8,86.6,91.5,,,89.3,,,,,93.8,94.1,,84,87.9,88.3,,97.5,98.2,84.3,,72.6,,96.9,99.5,98.1,99.4,103,98.4,105,106,,,,,,,,,,
"Hong Kong, China",,,,,,,,,,,102,101,98.9,98.3,99.2,99.6,101,,,104,103,102,99.7,97.1,95.9,96.9,95.4,,,,,96.5,104,100,103,102,98.8,102,100,112,,101,121,106,99.2,97.3,108,88.2,90.9,102,123,103,90.1
Honduras,,,,,,,,,,,45.1,,49.4,,52.9,,,,,,,60.4,63.2,65,66.7,66.2,67.2,67.8,68.7,,,,,76.5,,76.1,81.6,,80.7,82.6,85.4,86.1,84.8,,,,,,,,,,
Croatia,,,,,,,,,,,,,,,,,,,,,,,,,84.2,80.3,86.1,88.5,92.9,91.7,,102,99.4,102,,101,100,99.7,97.1,97.2,97.4,97.6,98,97.4,97.2,100,96.4,97.1,99.4,97.7,97.8,94.2,
Haiti,,,,,,,,,,27.1,27.9,,28.7,31,,33.7,35.7,37.3,,,,,,,,,,51.3,,,,,,,,,,,,,,,,,,,,,,,,,
Hungary,,93.2,91.3,96.6,96.2,96.4,97.3,99.9,101,95.5,96.3,94.2,95.7,96.5,104,100,91.5,93.5,92.5,92.1,91.6,87.4,89.4,92.3,,,,95.8,99.2,98.3,98.7,97.2,98.2,98.2,99.1,97,99.3,97.5,101,99.2,99.9,97.7,97.9,97.8,98.7,98.6,96.8,100,98.1,93.1,93.3,94.3,
Indonesia,,,52.7,53.3,50.8,49.1,48.5,53,55.8,,,65.8,70.4,75.7,85.6,95.3,97.4,97.3,97.1,97.4,94.4,90.7,89.1,92.7,95.4,95.2,94.9,95.4,,,,95.4,97.3,99.5,98.7,99,97.6,100,99.2,100,102,102,109,107,110,110,108,106,105,105,103,103,103
Ireland,,,,,,,,,,,,,,,,,,,,,,,98.9,102,103,105,,,97.7,96.4,96.6,94.7,95,94.9,95.5,95,,,,,,,,,,,,,,,99,98.3,
Iran,,49.2,,,,,,,,,,,,,79.9,83.4,84.7,84,85.2,85.8,87.8,91.6,95.3,97.6,96.1,99.6,,98.1,,,95.5,97.6,94.5,91.3,102,111,106,104,107,108,107,106,103,,,100,98.3,96.6,,97.1,98,,
Iraq,,44.8,44.7,44.7,38.8,46.6,48.1,62.4,65.2,,74.5,,,55.8,,63.2,62.7,57.1,60.5,59.4,,,,61.3,,,,,,56.2,54.5,,,,71.9,,,63.2,,,,,,,,,,,,,,,
Iceland,,,,,,,,,,,,,,,,,,,,,,,,,,,,,98.8,99.4,99.7,99.4,99.2,99.3,98.6,99.5,98.8,99.1,98.9,98.7,99.1,99.2,99,99.2,98.7,99.1,99.5,98.9,99.1,99.4,98.4,98.5,
Israel,,,,,,,,,,,,,,,,,,,,,,,,,,,,,,,,,96.5,96.7,98,94.5,94.6,95.6,93.3,98.9,96,95.8,98.5,95.6,95.3,98.8,94.9,98.9,95,94.5,98.5,94.7,
Italy,,93.7,99.7,101,100,105,103,103,102,102,103,101,100,100,100,99.9,100,101,101,101,104,102,103,,104,103,103,102,,101,101,102,100,101,103,103,102,103,106,102,101,101,99.1,99.6,99.3,98.9,98.5,99.6,98.8,98.4,98.7,98.2,
Jamaica,,,,,,,86.1,85.4,,88.5,85.7,87,,,90.4,87.8,88.9,91,93.2,92.6,91.9,89.2,,85.6,,,,,,,80.7,76.4,85.3,,81.8,,,82.8,,81.5,88.1,87.8,104,99.2,94.1,90.4,87.9,89.7,85.4,89.7,79.8,,
Jordan,,,64.7,70,81.2,90.3,92.3,93.9,97.8,98.7,101,101,101,96.9,100,101,,87.9,88.5,88.1,90.2,94,96.4,97.4,102,,97.5,,,92.8,93.8,,90.1,90.5,89.1,90.1,86.8,82.9,83.7,,,80.8,,88.2,83.9,,,,,,,,
Japan,,104,101,99.7,98.7,97.6,95.8,96.6,121,83.4,102,103,100,99.9,101,99.5,103,105,104,104,104,106,106,,106,,,,108,105,,,,,,,,,,,,,,,,,,,,,,,
Kazakhstan,,,,,,,,,,,,,,,,,,,,,,,,,99.1,96.3,,95.1,92.6,,93.8,95.6,96.7,97.8,104,104,101,100,103,100,101,107,102,102,102,100,99.3,99.6,101,98.4,101,97,103
Kenya,46.7,48.7,51.6,52.6,,56.6,58.3,61.9,63.2,83.2,80.7,79.9,,,,,,,,,,,,,,,,,,,,,,,86.1,87.9,,,,,,,,,99.6,102,103,,,,,,
Kyrgyz Republic,,,,,,,,,,,,,,,,,,,,,,,,,,99.5,95.8,,,90.8,89.4,89,89.1,86.7,91.6,97,96.6,94.6,95.5,97.9,96.8,96.5,95.6,97.5,99.5,104,99.5,97.4,98.9,102,101,96.3,94.4
Cambodia,,,,,,,,,,,,,,,,,,,,,,,,,,,,17.9,34,43.1,,53.8,62.4,69.4,82.8,94,97.9,99.1,96.7,99.2,89.8,89.7,93.7,94.2,94,89.7,86.3,85.6,85,87.6,94.9,94.7,90.7
Kiribati,,,,,,,,69.5,75.8,64,75.5,121,114,122,119,117,119,108,109,114,103,113,105,103,105,106,117,118,,102,95.2,112,106,110,112,113,110,117,105,,,,,,103,,101,,,,95,,
St. Kitts and Nevis,,,,,,,,,,,,,,,,,,,,,,,121,,,,,,,,101,101,107,98.6,111,111,,102,95.2,107,103,108,111,115,109,118,111,,,,,131,
South Korea,,91.9,91.5,100,99,97.8,107,102,99.9,104,96.7,97.4,96.1,96.5,103,104,103,106,102,94.9,98.5,90.1,97.4,97.1,104,109,,101,98.5,101,100,99.6,94.6,99.9,100,98.9,99,100,99.9,102,101,97.6,102,104,98.2,101,104,97.9,96.8,99.9,101,98.5,
Kuwait,,51.7,48.6,46.6,44.2,52,72.6,60.7,66,66.7,72,81.3,82.1,84.8,83.8,79.3,76.4,71.8,,,,,63.8,,83.1,72.2,89.7,84.7,,90.2,94.2,86.7,95.7,102,104,114,,108,,,101,100,96.2,95.1,,,,,,,,,
Lao,,,,,,,,,,,,,,,,,,,41.3,,42.9,,39.7,42.4,47.1,,55,58,62.6,68.3,67,67.1,67.7,67.9,69.1,73,77,79.5,81.1,82.2,84.5,89.4,93,98.4,100,101,99.6,101,98.2,93.5,91,90.2,89.1
Lebanon,,,,,,,,,,,,,,,,,,,,,,,,,,,,66.5,69,,,,,,,,,,,,,,,,,,,,,,,,
Liberia,,,,,,,,,27.9,,,,,,,,,,,,,,,,,,,,,,,,,,,,63.8,,58.7,58.6,,63.9,,,58.1,,60.8,57.2,,,,,
Libya,,44.4,78.3,66.8,76.8,90,81.9,85.6,87.4,87.1,84.8,90.9,,104,,,,,,,,,,,,,,,,,,,,,,,,,,,,,,,,,,,,,,,
St. Lucia,,,,,,,,,,,,,,112,106,,,,,,108,100,,105,,,,,,,,,108,108,107,102,108,108,98.4,98.9,94.3,95.9,95.6,93.2,98.1,,93.6,89.6,91.5,92.9,89.8,,103
Liechtenstein,,,,,,,,,,,,,,,,,,,,,,,,,,,,,,,,,,102,98.6,111,88.3,113,95.7,108,107,101,106,,103,92.7,103,91.6,108,97.8,89.9,107,
Sri Lanka,64.5,,80.8,,73.1,71,42.8,59,74.7,78,85,92.9,87,85.9,89.6,91.9,92.6,92.2,,94.3,93.7,96.8,96.2,,,,,,98.9,,,104,107,101,,97.4,97.4,95.6,91.7,91.4,97,97.2,94.7,96,95.3,95,96,97.1,,95.9,96.6,98.6,
Lesotho,,31.8,34.9,38.4,47.4,50.2,47.1,43.9,44.5,45.8,45.6,46.7,47.2,48.4,48.6,48.5,48.3,50.8,52.7,52.7,54.8,55.6,58.1,58.2,60.6,64.2,61.5,60.4,60.7,59.8,57.9,60.2,62.3,65.4,68.3,64.4,83.9,80.7,78.2,77.6,79.8,80,79.9,81.1,80.5,79.3,81.2,,,,,,
Lithuania,,,,,,,,,,,,,,,,,,,,,,,,,,89.3,93,94.1,,97.6,102,103,103,101,103,102,102,104,98.4,99.1,99.4,99.1,101,101,101,101,102,102,104,104,104,103,
Luxembourg,,,,,,83.2,81.7,84.2,84.3,84,,,,80.7,,,,,,,,,,,,,,,,,,,,,,,,,,,87.9,83.3,83.7,83.9,81.6,80.6,79,78.4,76.7,77.9,77.3,76.8,
Latvia,,,,,,,,,,,,,,,,,,,,,,,,,,70.4,73.5,85.6,,100,99.4,100,99.6,101,105,102,103,102,102,101,102,99.8,98.5,99.4,100,100,98.1,99.3,98.4,98.3,98.3,98.1,
"Macao, China",,,,,,,,,,,,,,,,,,,,,104,,99.9,94.5,,,,,,93.2,97.1,104,105,102,106,95.6,99,98.1,102,104,104,109,110,100,97.7,89.4,95.8,89.6,82.8,85.2,91.7,89.2,84
Morocco,,28.1,27.7,28.7,29.4,31.5,34.1,36.2,39.2,41.8,44,45.1,46.9,47.5,48.2,56.1,54.4,53.6,50.1,43.1,49.6,46.2,45.1,45.5,45.6,47.6,49.5,51.4,53.5,55.4,58.7,60.4,62.1,66,74,79.8,84,83.8,81.4,79.2,82.5,87.2,95.5,93.8,95.4,95.7,94.3,91.4,91.4,94.3,96.9,100,101
Monaco,,,,,,,,,,,,,,,,,,,,,,114,117,,,,,,,,,,,,,,,,,,,,,,,,124,,,,,,
Moldova,,,,,,,,,,,,,,,,,,,,,,,,,,,,,,,97.8,97.3,97.1,95.4,96.2,99.5,98,92.9,91.4,92.8,92,91.1,89.6,93,109,107,107,107,102,102,104,106,108
Madagascar,,25.3,27.9,27.7,,30.4,,,,,,,,,,,,,35.6,33.9,33.8,32.7,30.3,31.3,28.7,28.4,28.8,,29.2,32.2,35.1,34.3,34.4,38,43.5,55.2,54.1,58.4,64.9,72.2,69.2,70.1,68.5,67.5,67.5,67.6,66,65,63.1,60.8,59.2,63.2,59.3
Maldives,,,,,,,,,,,,,,,,,,,,,,,,,,,,116,,,,,,,,132,123,,105,109,105,101,93.1,89.1,94.7,94.8,97.1,92.9,91.5,91.8,,,
Mexico,,,,,,67.8,69.6,74.7,74.8,79.4,82.8,86.1,88.5,90.2,94.9,94.8,96.5,95.2,93.1,93,91.8,91.1,92.1,92.4,93.9,97.3,98.5,98,,97.6,96.7,97.5,98.7,98.3,99.8,100,101,102,101,99.7,100,100,106,110,112,106,105,104,102,102,103,103,
Marshall Islands,,,,,,,,,,,,,,,,,,,,,,,,,,,,,,96,,,102,84.9,,83.8,87.7,91.9,92.5,91.7,,89.4,,,,,98.4,,,118,113,110,94.9
North Macedonia,,,,,,,,,,,,,,,,,,,,,,,,92.2,92.1,91.3,93.6,94.7,98.3,99.6,98.3,97.6,97,96,93.1,92,88.9,88,88.5,88,,,,82.8,83.6,94.3,,93.1,93,90.1,89.2,90.9,
Mali,,10,9.03,9.34,10.1,,11.3,13.5,12.5,13.1,11.7,11.2,,11.4,10.9,10.3,9.46,9.29,8.87,,,,,,,,,,,,28.7,32.5,33.6,36.9,38.5,40.3,45.6,48.3,51.6,53.2,56.1,56.5,52.1,51.9,50.8,48.5,48.6,46.9,,,,,
Malta,,106,121,117,130,113,91.2,111,98,104,105,117,100,99.8,95.2,102,101,108,99.6,104,101,102,106,102,105,103,104,102,101,99,105,103,102,101,102,103,102,99.3,102,95.6,102,99.4,99.1,100,99.1,98.2,98.3,99.5,100,98.3,97.8,98.5,
Myanmar,,36.2,34.3,42.3,39.9,,,,,,,,,,,,,,,,,,,,,,,,,74.1,79.4,77.7,78,79.9,82.4,,88.9,90.2,92.4,92.8,94.1,,,,,,,,104,,,,
Montenegro,,,,,,,,,,,,,,,,,,,,,,,,,,,,,,,,,,,,,,,,,,73.2,95.3,,,97.7,96.7,96.8,96.1,96.3,101,97.3,104
Mongolia,,,,,,,,,95.4,99.5,98.2,,,97.6,,,,,,,,,,,,72.3,77.3,74.8,86.7,86.2,86.8,91.1,96.3,99.6,99.6,98.8,,,,,,,,,,99.2,96.7,93.3,97.2,96.7,97,90.7,95.8
Mozambique,,,,8.74,,,,,,,,,35.7,28,33,33.1,44.4,33.3,27.2,28,30.3,30.3,27.9,28.1,28.2,27.4,,,,14.4,16.6,19.3,22.7,,30.2,42.5,42,46.5,59.8,56.9,60.3,56.4,53.8,51.6,51.3,51.8,,49.8,55,58,61.5,,73.4
Mauritania,,,,,,,10.4,10.5,11.9,15.7,18.8,25.1,,28.8,,29.8,32,32.6,37.9,33.6,28.3,31.9,30.5,31.6,31.2,32.1,33,37.2,42.7,44.1,,44,41.6,,,39.6,40.8,51.2,,66.4,,,68.9,70.5,66.9,66.7,,64.4,69.7,66.3,,,
Mauritius,,,,,,,,,,,,,,101,92,101,129,97.8,95.5,60.9,100,101,99.3,96,94.7,94.1,92.6,92,94.8,99.2,98.6,98.3,95.5,99.3,100,98.5,98,98.2,96.8,94.7,97.9,95.2,95.5,95.6,96.4,97.8,98.3,97.2,98.3,97.6,95.9,98.8,
Malawi,,,,,21.3,22.6,24.9,29.7,30.9,33,33.3,35.6,34.9,34.4,32.7,33.9,33.4,33.7,27.5,28.1,29.8,31.7,33.7,34.3,36.5,49.6,59.8,,,69,67,68.9,72.6,,63.7,63.7,63.5,63.9,68.8,69.6,69.3,71.1,73.9,78.1,76.8,,,,,76.3,,86.6,
Malaysia,,,,,88,,,,,,101,98.4,98.1,102,101,97.6,,98.4,99.4,97.3,95.8,97.7,,100,,,,,102,100,106,,93.7,91.3,93.4,97.3,95.3,95.9,99.6,102,98.6,99.7,105,101,100,99.5,96,93.8,92.4,93.7,100,101,95.1
Namibia,,,,,,,,,,,,,,,,,,,,,,,79,,77.7,74.9,85.1,,103,101,95.3,96.5,93.9,92.7,80.3,81.5,80.3,,80.1,88.8,88.7,,92.3,92.9,,,,,100,,,,113
New Caledonia,,,,,,,,,,,,,97.6,96.2,94.9,86.5,88.7,83.2,87.3,85.7,97.4,,,,,,,,,,,,,,,,,,,,,,,,,,,,,,,,
Niger,,4.99,6.01,6.08,6.06,6.52,7.23,7.93,9.6,10.1,13.3,14.6,16.8,18,19.6,19.3,21.3,21.8,,14.2,15.8,17,17.5,15.3,,13.1,13.7,17.3,18.1,18.8,17.9,19.2,20.7,19.9,25.9,28.7,31.6,38.1,36.3,38.5,38.7,43.4,46.9,46.7,56.6,108,70.7,104,,61.7,,57.6,
Nigeria,,,,,,,,,,,,,,,,,,,,,,,,,,,,,,,83.9,,,,79.4,81.9,89.2,79,68.3,72.6,73,,,,,,,,,,,,
Nicaragua,26.9,30.1,30,32.3,30,,,34.1,33.6,29.7,33.2,,30.1,29.6,28.1,30.2,36.7,45.3,45.9,40,37.8,41.1,43.5,48,53.6,49.3,,,,65.9,64.5,65.2,72.6,72.2,73,76.5,75.5,75.5,74.5,,79.3,,,,,,,,,,,,80.7
Netherlands,,95.9,96.3,94.6,95,94.6,94.1,95.5,95.8,95,94.8,93.6,95.4,96.5,97.2,97.9,,,,,,,,,,,,,,,,,,,,,,,,,,,,,,,,,,,,,
Norway,,99.7,99.9,99.6,99,101,99.1,98.7,100,99.7,99.6,99.7,99.6,,99.7,99.7,99.7,99.6,99.5,99.2,99.7,99.3,99.3,98.4,,,,,99.9,99.4,99.1,99.2,99.4,98.7,99.3,99.5,99.5,99.5,99.8,100,99.7,99.8,99.7,99.8,99.7,99.6,99.2,99.5,99.5,99.3,99.2,99.2,
Nepal,,,,,,,,,,,,,,,,,,,45.1,,,51,55.9,,,,,,,61.4,64.1,63.6,68.3,68.8,69.7,73.9,76.5,,80.5,,,,106,105,108,111,117,115,,118,,101,101
Nauru,,,,,,,,,,,,,,,,,,,,,,,,,,,,,,,,89,,,,,,89.9,,,,,95.3,,113,,120,,,102,93,,
New Zealand,101,102,103,103,102,101,101,101,100,101,,,,,,,,,,,,,,,,,,,,,,,,,,,,,,,,,,,,,,,,,,,
Oman,,,,,1.64,4.56,8.2,18,19.6,25.6,,,,38.7,45,43.9,46.8,48.6,55.3,62.9,66.6,,72.7,,72.2,75.2,77.2,78.5,79.4,80.7,83.4,83.4,85.9,87.9,,,,,,95.5,,117,108,100,103,99,101,107,97.8,99.2,92.1,88.5,86.6
Pakistan,,,,,,,,,,,,,,,,,,,,,,,,,,,,,,,,,,,,54.4,53.3,53.4,52.9,53,55.5,53,55.4,55.9,56.9,,57.8,,62.1,63.5,,68.2,
Panama,66,70.1,73.9,79.4,81.6,84.6,97.4,93.9,91,90,85.8,84.3,83.1,84.5,81,83.1,83.4,84,82.6,84.1,,,,,,,,,,89.2,91.3,91,91.4,,93.5,93.4,91.6,96.3,99.8,100,95.8,99.9,102,100,97.2,,,89.9,92.8,86.5,87,94.8,
Peru,63.9,,,65.9,69.5,71,77.1,83.8,82.6,82.2,80.5,78.3,,,,80.9,,,,,,,,84.1,,84.5,,,93.3,98.4,97,92.9,92.8,97.9,98.6,99.1,101,103,103,101,103,101,95.7,98.7,99.3,102,102,92.1,89.5,91.1,,102,103
Philippines,,,,,,,,,,,,86.6,,89.2,89.1,87.3,85.3,85.4,85.3,86.2,89.2,,,,,,,,87.8,88.2,,101,94.4,94.9,93,93,89.9,89.3,91.5,91.5,,,,,97.6,,,104,111,101,98.1,91.1,88
Palau,,,,,,,,,,,,,,,,,,,,,,,,,,,,,,,98.6,,,,99,,,,,,,,,116,98.7,,,,,,,98.4,
Papua New Guinea,,,,,,,,,,,,,,,,,,49.7,52.8,52.7,51.2,48.7,49,,54.2,53.2,53,50,50.1,,51.9,52.1,52.8,54.2,,,,,,,,,,,70.7,,73.7,,,,,,
Poland,,99.3,99.4,97.8,102,101,99.6,100,99.8,98.5,98,93.9,94.9,93.9,94.2,93.6,96.4,96.5,96.2,96.6,97,95.8,97.2,101,99.2,95.8,96.7,98.4,96.5,98.6,98.4,98.8,98.7,98.8,99.2,99,99.2,98.7,,96.7,97.3,97,96.8,96.3,96.2,99.5,100,105,94.2,94.7,,,
Puerto Rico,,,,,,,,,,,,,,,,,,,,,,,,,,,,,,,,,,,,,,,,,,,,,,90.6,,,85.8,,,,
North Korea,,,,,,,,,,,,,,,,,,,,,,,,,,,,,,,,,,,,,,,,99.3,,,,,,,,,,,,,
Portugal,,,53.9,60,64.7,73.2,66,,,,,,,,,,,,,,,,,,,,,,,,,,,,,,,,,,,,,,,,,,99.8,101,103,104,
Paraguay,46.1,47.6,45.7,48.9,49.8,49.8,50.7,52.3,53.4,,57.7,60.8,61.9,64.9,66.5,68.3,67.3,68.5,68.6,69,70.5,75,75.5,82,81.1,82.5,85.9,,95.4,91.7,94,93.8,95.1,97.3,96.6,97.7,97.6,99.3,100,101,99.5,95.7,94.6,95.3,98,95.7,95.5,,,,83,,86.2
Palestine,,,,,,,,,,,,,,,,,,,,,,,,,,82.7,83,82.4,,92.4,93.8,96.6,94.6,101,94.4,97,,90.2,90.9,92.2,96.6,92,90.8,94,96.8,95.9,94.8,99,95.8,95,99.1,94.9,94.1
French Polynesia,,,,,,,,,,,,,,71.1,,,,,,,,,,,,,,,,,,,,,,,,,,,,,,,,,,,,,,,
Qatar,,57.8,54.4,51,45.6,46.5,49.6,50.8,63.8,64.2,64.8,64.2,71.9,,76.4,78.6,76.6,67,73.1,74.2,75,78.3,73.1,72.9,73.4,67.9,56.4,,91.9,95.2,,,,85.9,,84.4,86.8,92,95.3,98.2,,97.8,,94.8,89.2,94.4,95.5,99.1,99.8,101,103,,
Romania,,,,,,,,,,,,,,,,,,,,,95.8,,,86.8,,90.5,91.8,93.2,,97.6,94,105,101,96.1,93.1,92.5,92.6,,90.3,95.7,96.9,98.3,95.2,,,92.8,89.3,,88,87.3,86.4,88.9,
Russia,,,,,,,,,,,,,,,,,,,,,,,,,91.8,92.5,,,,97,95.9,99.5,,,,,,93,95.3,93.1,,90.3,96,95.4,95.6,98.2,96.7,,101,102,,,
Rwanda,,20,21.5,23.5,24.6,26.4,,28.8,26.7,,36.3,46.7,45.5,43.7,44.9,46.5,43.5,43.6,45.1,45.7,44.5,43.7,43.9,,,,,,,25,21.2,24.1,30.9,41.9,41.5,,,,50.6,69.1,72.8,,70.9,67.4,59.8,60.2,65.4,73.4,81.5,92.4,,87.8,65
Saudi Arabia,,,,,,,,,,34.1,,,,,,,,,,,,,,,,,,,,,,,,,,89.3,,89.6,89.9,,,,,,,,,,,,,,
Sudan,,,,,,,,,,,,,,,,,,,,,,,,,,,,,,,,,,,,,,,,,64.1,,60.2,60.7,61.5,63,64.2,66.1,66.6,,,,
Senegal,,25.5,25.5,25.6,,,,,29.9,31.5,29.6,31.2,31.4,32.6,33.6,33.9,36.5,,40.9,41.4,40.9,,38.6,,38,,39.8,40.1,42.3,42.2,38.9,44,46.6,46.4,48.1,53.2,50.6,52,59.1,59.3,58.3,60.9,60.1,60.5,60.9,59,,,,61.6,61.5,63.6,57.2
Singapore,,,,,,,,,,,,,,,,,,,,,,,,,,,,,,,,,,,,,,,,,,,,,,,99.8,99.3,99.9,98.1,101,101,
Solomon Islands,,,,,,44.4,,,,,58.5,55.2,50.5,48.9,47.5,,54.4,,,,60.7,71.1,67.3,67.7,69.3,,,,,,,,,,,,,,,,84.3,84.3,84,84.7,85.9,87.4,87.4,87,84.9,84,,,
Sierra Leone,,,,,,,,,22,,,,25.8,25.8,,,,,,,,,,,,,,,,,,,,,,,,74.6,,,,65.9,61.9,60.4,,59.1,68.7,69.1,80,81.7,85.3,95.4,
El Salvador,,41.7,45.2,50.6,51.7,50.6,48.9,49.5,,,,45.8,49.6,52.3,50,,,62.6,65.9,63,,63.6,63,63.7,,65.1,70.6,,76.9,,86.1,85.5,85.7,86.3,,89.5,88.4,91.8,92.5,95.4,97.5,98.5,96.9,95.1,94.2,92.8,92.1,91.6,89.8,81.5,,,
San Marino,,85,101,92.8,,,,,,,,,,100,96.8,104,93.5,104,90.9,105,96.6,106,92.4,95.1,107,,,,,,80.3,,,,93.8,,,,92.8,87.7,101,83.2,105,,,,,,87.9,103,90.2,99.1,106
Serbia,,,,,,,,,,,,,,,,,,,,,,,,,,,,,,,,,,,,,,97.9,102,94.8,94.9,100,101,97.9,102,100,97.9,97.8,97.2,99.1,98.2,97.3,95.5
South Sudan,,,,,,,,,,,,,,,,,,,,,,,,,,,,,,,,,,,,,,,,,,27.9,,,,20.6,,,,,,,
Sao Tome and Principe,,,,,,,,46.4,,,49.7,88.3,111,111,109,102,,57.7,72.6,,77.9,,,,,,,,,44.5,,,55.6,54.8,68.4,71.6,,70.4,73.5,82.1,82.3,108,91,95.7,87.5,88.8,79.2,84.7,,,,,
Suriname,,,,,,,69.9,80.5,75.1,79.9,,79.9,85.9,90.2,87.9,84.3,,77.2,74.9,79.9,,,,,,,,,,,,,,,,77.3,84.5,72,82.7,82.7,82.8,80.9,81.3,80.4,83.1,83.6,81.4,79.3,79.5,80.8,85.6,76.9,
Slovak Republic,,,,,,,,,,,,,,,,,,,,,,,98,96.5,97.5,96.8,97.4,98.4,99.5,101,98.8,101,99.5,99.5,103,101,98.1,97.3,97.7,97,96.5,98.5,95.4,94.8,93,93.9,93.7,94.3,92.1,91.5,96.8,92.1,
Slovenia,,,,,,,,,,,,,,,,,,,,,,,,95.5,95.2,96.7,97.6,98.6,98.1,98.5,98.8,98.3,96.9,105,,,,,94.4,95.7,97.6,97.3,97.2,97.3,97.5,98.2,96.6,97.5,97.8,97.3,96.8,97.2,
Sweden,,94.9,96.3,96,95.7,96,96.3,96.8,97.5,98.5,99.3,99.5,99,98.1,98.6,,,98.5,98.8,99,99.1,99.3,99.5,103,104,,,,,101,101,100,100,99.8,99.6,99.6,99.9,99.7,99.9,99.3,99,97.8,99.3,99.5,99.3,99.3,99.7,100,99.9,99,99.7,99.8,
Eswatini,42.7,41,42.1,50.5,55.9,58.5,59.3,59.5,58.2,57.5,58,60.4,61.3,62.9,62.5,63.4,64.8,63.2,65.2,61.9,62.3,60.1,59.8,60,60.9,63.8,61.5,62.4,64.9,63.2,65,62,63,61.7,63.7,66.4,66.9,75.1,,80.3,85.7,85.9,85.3,87,86.5,93.2,100,102,102,98,,,
Seychelles,83.3,91.7,99.4,,95.9,95.5,98.2,93.6,98.9,,99.2,94.2,97,105,97.4,93.5,107,96.5,95.3,103,,107,96.9,98.3,112,,,109,106,109,105,110,111,105,106,105,,98.6,93.7,103,107,106,98.3,102,106,104,111,96.1,103,96.5,97.9,93.2,101
Syria,,55.3,59.2,59.7,64.1,68,71.5,74,75.6,72.1,70.2,71.2,75.5,78.4,80.5,83.9,86.2,86.9,86.9,89.5,90.1,92.2,97,89.9,92.4,91.3,92.5,91.6,90.9,91.3,91.4,93.2,95,103,104,107,110,109,108,108,107,105,105,62,,,,,,,55.7,55.8,58.3
Turks and Caicos Islands,,,,,,,,,,,,,,,,,,,,,,,,,85,,,80.9,,,98.1,107,101,,109,110,,,,104,,,,,75.1,71.5,,,153,,,113,111
Chad,,15,,,12.7,,11.5,10.8,,,,,,,,,,,11.1,12.7,16.6,18.5,,,20,14.5,14.9,16.2,,20.6,22.4,24.5,27.2,32.7,33.3,29.9,30.8,,,31.6,31.4,34.7,35.3,38.7,,38.9,42,37.9,40.4,,,43.5,
Togo,,23.7,28.8,,,,40.4,,49.1,48.8,50.6,47.3,45.1,44.3,38.4,32.6,32.5,31.2,36.3,29.5,35.5,35.7,36.4,,30.1,42,48.3,,,57.4,66.6,73.1,,72.2,73.6,72.6,72.1,,65.2,64.7,68.8,70.2,73.8,77.3,83.6,,93.8,92.6,90.1,86.7,87.5,88.9,89.1
Thailand,,,,,,37.1,38.9,39.2,40.7,,,74.8,,,,,,,,,,,,,,,,,,87.6,98.8,96.1,,,,,,,,,,,,,,,,99.4,97.5,99.3,99.4,100,97.4
Tajikistan,,,,,,,,,,,,,,,,,,,,,,,,,,96.8,,67.1,,90.3,92.5,94.9,96.4,96,92.7,98.6,101,93.8,96.4,97.1,101,96.9,90.4,,90.6,92.2,89.6,90.3,,,,,
Turkmenistan,,,,,,,,,,,,,,,,,,,,,,,,,,,,,,,,,,,,,,,,,,,,,,,,,,,,110,108
Timor-Leste,,,,,,,,,,,,,,,,,,,,,,,,,,,,,,,,,,,,,,,96.2,83.4,78.9,81.5,85.8,91.4,96.4,101,97.6,97,101,103,101,,
Tonga,,,,,,,,79.5,91.4,110,,118,105,,104,88.6,93.9,,,,119,92.7,,109,,,,,99.3,101,,105,,,,102,95.5,,,,,,91.7,111,,,,,,,113,112,104
Trinidad and Tobago,,,,,,,,,,,,,113,,,91.7,,,93.3,,,92,93.2,91.9,,,89.1,87.2,,96.7,91.4,86.6,,88.9,92.6,89.2,,92.2,88.7,89.7,87.2,,,,,,,,,,,,
Tunisia,,56.6,54.1,60.3,61.1,66.8,64.9,65.6,68.4,57.4,59.7,80,61.6,62.2,64.9,64,65.6,66,65.1,69.9,76.1,71.5,67.2,70.6,76.9,86.2,82.8,84.6,,84.7,85.7,88.6,91.1,93.2,95.1,96.8,,97.7,89.1,86.7,98,,,95.9,97,97.3,91.2,86.9,,,97.7,97.2,
Turkey,,,,,,,,,,,,,,,87.3,90.1,95.8,92.9,108,92.6,93,95.9,102,96.2,96.3,93.7,,,,,,,,,,,,,,,,,,103,99.1,98.8,135,92.6,91,96.6,101,103,
Tuvalu,,,,,,,,,,,,,,,,,,,,,83.4,,,135,104,,,,93.8,,,111,91.6,98.2,101,112,102,,,,,,,,99,108,101,,94.2,89.8,101,98.7,97
Tanzania,,20.7,25.7,29.2,33.1,37.2,40.8,,,,,78.4,88.7,93.9,121,78.1,69.1,65.9,59.7,45.4,,60.6,53.7,57.2,54.6,,,58.1,48.4,57.9,50.3,56,59.9,,59.1,56.2,73.7,85.6,,105,90.5,,81.4,76.6,,64.7,60.8,,66.6,63.6,67.1,72.6,87.2
Uganda,,,,,,37.1,37.2,,,38.9,,,38.9,,,,35.9,,,,,,,,,,,,,,,59.2,61.1,60.6,57.3,55.8,,51.5,55.9,73,55.6,54,55.1,55.4,59,53.3,54.8,53,,,,,
Ukraine,,100,95.5,97.7,101,,101,98.4,98.1,99.6,98.5,,97.6,98.4,98.1,97.1,,,97.1,,102,108,96.4,92.3,90.9,,,,97.4,98.5,95.3,98.3,102,,,120,105,104,101,100,100,101,97.3,98.6,96.2,88.6,86.2,87.5,83.9,89.1,89.8,89.3,
Uruguay,67.7,71.2,70.4,73.1,69.3,,67.9,67.7,65.7,66.7,69.6,,,,,88.2,86.6,89,90,93.7,95.7,96.6,95.8,95.3,94.1,94.1,95.4,97,97.5,100,97.2,96.2,96.8,94.5,94.5,95.6,97.1,99.9,102,102,101,101,99.8,101,101,101,102,97.2,102,,101,101,
USA,,,,,,,,,,,,,,,,,,,,,,,,,,,,,,,,,,,,,,,,,,,,,,,,98.8,100,100,101,101,
Uzbekistan,,,,,,,,,,,,,,,,,,,,,,,,,,97.2,,,,98.1,98.7,101,102,97.6,96.7,98.4,98.3,96.3,95.9,95,95,94.6,92.8,94.2,94.7,96.1,97.1,98.4,100,101,102,99.9,97.7
St. Vincent and the Grenadines,,,,,,,,,,,,,,,,,,,,,,,,,,,,,,,,,,87,94.4,,,,108,,99.2,93,104,115,110,110,113,105,118,113,119,116,
Venezuela,,57.3,60.9,65.2,66.7,69.1,68.8,69.2,69.4,69.1,72.4,74.4,77.6,77.3,75.9,76.3,76.2,76.4,76.5,77,77.2,79.7,83.1,82.6,,,80.4,81,,81.2,83.3,84.7,91,88.6,88.6,90.3,94.1,96.3,93.9,93.6,92.1,93.2,94.6,94.8,95.8,95,92,89.1,,,,,
British Virgin Islands,,,,,,,,,,,,,,,,91.4,,,,,,,,,119,,,,,,109,,108,98.1,107,102,103,89.7,,81.4,93.9,88.2,93.2,103,93.4,105,92.1,90.8,73.1,69.1,74.2,97.6,
Virgin Islands (U.S.),,,,,,,,,,,,,,,,,,,,,,,,60.7,,,,,,,,,,,,,,,,,,,,,,,,,,,,,
Vietnam,,,,,,,,,,89.4,,,,,,,,,,,,,,,,,,,,100,101,107,105,105,,100,104,,,,,98.9,96.9,92,99.1,97.2,101,,110,,,,116
Vanuatu,,,,,,,,,,,,,,,,,,,,,,,86.1,,77.4,,,,88,,83.9,96.4,,,83.1,,,78.2,78.3,83.9,84,,,87.8,,,,,,95.1,96.7,95.3,106
Samoa,,,,,,,,,,,,,,,,,,,,,,,,,95.9,96.4,93.7,98.6,96.7,94.3,93.7,90,89.9,93.7,91.3,96.6,96,101,,96.8,99.7,98.2,97.8,,98.3,103,106,104,103,104,102,100,104
Yemen,,,,,,,,,,,,,,,,,,,,,,,,,,,,,,50,,53.4,53.1,56.4,55.8,55.7,,,59.7,,60.2,,63.8,64.3,,,65.5,,,,,,
South Africa,,,,,,,,,,,,,,,,,,,,,,87.5,,,,,,,81.4,75.2,73.2,,76.3,80.1,86.4,,,,,,,,,,,96.1,95,,96.4,96.6,95.5,97,
Zambia,,,66.2,67.9,71.7,73.7,74.1,76,80.5,79.6,80.4,81.1,83.2,85.5,90.8,,90,,,,,,,,,,,,65.7,63.1,60.5,,60,,71,82.2,83.4,87.1,91.2,85.7,99.3,,90.4,82.6,,,,,,,,,
Zimbabwe,,,,,,,,,,,,,,,81.1,,,,,,,,,,,,,,,92.5,,98.2,95,94.9,,,,,,,,,88.4,88.2,87.2,91,91.4,90.7,90.7,90.2,91.9,86.1,
